,Name,Description,geometry,within
0,Traffic light,,POINT Z (103.8891266 1.3335877 0),KAMPONG UBI
1,Traffic light,,POINT Z (103.8889677 1.3334046 0),KAMPONG UBI
2,Traffic light,,POINT Z (103.8938049 1.3358634 0),TAI KENG
3,Traffic light,,POINT Z (103.8913075 1.3430204 0),TAI KENG
4,Traffic light,,POINT Z (103.8912681 1.3432557 0),TAI KENG
5,Traffic light,,POINT Z (103.8904394 1.3522358 0),LORONG AH SOO
6,Traffic light,,POINT Z (103.8906298 1.352284 0),DEFU INDUSTRIAL PARK
7,Traffic light,,POINT Z (103.8900134 1.3555969 0),LORONG AH SOO
8,Traffic light,,POINT Z (103.8952661 1.36169 0),DEFU INDUSTRIAL PARK
9,Traffic light,,POINT Z (103.8953734 1.3618562 0),HOUGANG CENTRAL
10,Traffic light (with bicycle crossing),,POINT Z (103.8967633 1.378156 0),HOUGANG CENTRAL
11,Traffic light,,POINT Z (103.892842 1.3799143 0),HOUGANG CENTRAL
12,Traffic light,,POINT Z (103.8885801 1.3819917 0),TRAFALGAR
13,Traffic light,,POINT Z (103.8845161 1.3794884 0),TRAFALGAR
14,Traffic light,,POINT Z (103.8814503 1.379347 0),TRAFALGAR
15,Traffic light,,POINT Z (103.8766193 1.3791006 0),SELETAR HILLS
16,Traffic light,,POINT Z (103.8768803 1.3829414 0),TRAFALGAR
17,Traffic light (with bicycle crossing),,POINT Z (103.8991048 1.4137896 0),SZ2
18,Traffic light,,POINT Z (103.9001921 1.4158057 0),SZ1
19,Traffic light,,POINT Z (103.9261397 1.391596 0),PASIR RIS WEST
20,Traffic light,,POINT Z (103.8588682 1.3768919 0),SELETAR HILLS
21,Traffic light,,POINT Z (103.8580322 1.3765859 0),YIO CHU KANG
22,Traffic light,,POINT Z (103.8547366 1.3759562 0),YIO CHU KANG
23,Traffic light,,POINT Z (103.8509443 1.3763656 0),YIO CHU KANG
24,Traffic light,,POINT Z (103.8476983 1.3768653 0),YIO CHU KANG
25,Traffic light,,POINT Z (103.8448425 1.3773256 0),YIO CHU KANG
26,Traffic light,,POINT Z (103.8446856 1.377215 0),KEBUN BAHRU
27,Traffic light (with bicycle crossing),,POINT Z (103.8502746 1.3570174 0),BISHAN EAST
28,Traffic light,,POINT Z (103.8640866 1.3359169 0),POTONG PASIR
29,Traffic light,,POINT Z (103.8678512 1.3277418 0),BENDEMEER
30,Traffic light,,POINT Z (103.8680547 1.32778 0),BENDEMEER
31,Traffic light,,POINT Z (103.8685939 1.3274447 0),GEYLANG BAHRU
32,Traffic light,,POINT Z (103.8686643 1.3273589 0),GEYLANG BAHRU
33,Traffic light (with bicycle crossing),,POINT Z (103.8696749 1.3134871 0),BOON KENG
34,Traffic light,,POINT Z (103.8652975 1.320705 0),BENDEMEER
35,Traffic light,,POINT Z (103.8634155 1.3219097 0),BENDEMEER
36,Traffic light,,POINT Z (103.8569062 1.3240436 0),BALESTIER
37,Traffic light,,POINT Z (103.8542893 1.3259369 0),BALESTIER
38,Traffic light (with bicycle crossing),,POINT Z (103.88832 1.3117306 0),ALJUNIED
39,Traffic light,,POINT Z (103.8921349 1.314919 0),ALJUNIED
40,Traffic light,,POINT Z (103.8923495 1.3151161 0),GEYLANG EAST
41,Traffic light,,POINT Z (103.8853053 1.3272911 0),MACPHERSON
42,Traffic light,,POINT Z (103.8259858 1.2927386 0),CHATSWORTH
43,Traffic light,,POINT Z (103.8187933 1.2922515 0),ALEXANDRA NORTH
44,Traffic light,,POINT Z (103.8157678 1.2931857 0),MARGARET DRIVE
45,Traffic light,,POINT Z (103.8428094 1.364371 0),SHANGRI-LA
46,Traffic light,,POINT Z (103.8441897 1.3667923 0),SHANGRI-LA
47,Traffic light,,POINT Z (103.8452875 1.3691184 0),KEBUN BAHRU
48,Traffic light,,POINT Z (103.8429593 1.3642219 0),MARYMOUNT
49,Overpass (with wheeling ramp),,POINT Z (103.8658628 1.3290509 0),POTONG PASIR
50,Traffic light (with bicycle crossing),,POINT Z (103.8660795 1.3252793 0),BENDEMEER
51,Traffic light (with bicycle crossing),,POINT Z (103.8671235 1.3234886 0),BENDEMEER
52,Steps (with wheeling ramp),,POINT Z (103.8653011 1.326366 0),BENDEMEER
53,Steps (with wheeling ramp),,POINT Z (103.8655782 1.3267529 0),BENDEMEER
54,Overpass (with ramp),,POINT Z (103.8583769 1.3239905 0),BALESTIER
55,Overpass (with ramp),,POINT Z (103.8494616 1.3296551 0),BALESTIER
56,Overpass (with wheeling ramp),,POINT Z (103.8752977 1.3203343 0),GEYLANG BAHRU
57,Overpass (with wheeling ramp),,POINT Z (103.8815005 1.322104 0),MACPHERSON
58,Traffic light,,POINT Z (103.8662595 1.4054221 0),SL - SELETAR
59,Traffic light,,POINT Z (103.8598246 1.4063469 0),SL - SELETAR
60,Traffic light,,POINT Z (103.8641917 1.4220039 0),SL - SELETAR
61,Traffic light,,POINT Z (103.8640087 1.4219932 0),LOWER SELETAR
62,Traffic light,,POINT Z (103.8283308 1.3679084 0),UPPER THOMSON
63,Footbridge,,POINT Z (103.8737537 1.2992003 0),TANJONG RHU
64,Overpass (with ramp),,POINT Z (103.883579 1.3047886 0),ALJUNIED
65,Traffic light,,POINT Z (103.7786287 1.4106479 0),CENTRAL WATER CATCHMENT
66,Traffic light,,POINT Z (103.8049878 1.4145688 0),CENTRAL WATER CATCHMENT
67,Traffic light,,POINT Z (103.8230688 1.4132675 0),SPRINGLEAF
68,Traffic light,,POINT Z (103.8294882 1.4101061 0),KHATIB
69,Traffic light,,POINT Z (103.8297685 1.4102535 0),KHATIB
70,Traffic light,,POINT Z (103.8298972 1.4100792 0),YISHUN SOUTH
71,Traffic light,,POINT Z (103.833583 1.4182787 0),KHATIB
72,Traffic light,,POINT Z (103.8349995 1.4227994 0),KHATIB
73,Traffic light,,POINT Z (103.8367709 1.4228165 0),YISHUN SOUTH
74,Traffic light (with bicycle crossing),,POINT Z (103.8446328 1.4335862 0),YISHUN EAST
75,Traffic light,,POINT Z (103.8263791 1.4479358 0),ADMIRALTY
76,Traffic light,,POINT Z (103.8285644 1.4451761 0),SEMBAWANG SPRINGS
77,Traffic light,,POINT Z (103.8327858 1.4382435 0),YISHUN WEST
78,Traffic light,,POINT Z (103.8344548 1.4346727 0),YISHUN WEST
79,Traffic light,,POINT Z (103.8352111 1.4304063 0),YISHUN WEST
80,Traffic light,,POINT Z (103.8348693 1.4229036 0),KHATIB
81,Traffic light,,POINT Z (103.8274923 1.4501491 0),ADMIRALTY
82,Traffic light,,POINT Z (103.8318471 1.4534537 0),ADMIRALTY
83,Traffic light,,POINT Z (103.8308461 1.441702 0),YISHUN WEST
84,Traffic light,,POINT Z (103.8320102 1.4534417 0),SEMBAWANG STRAITS
85,Traffic light,,POINT Z (103.8924376 1.3169181 0),GEYLANG EAST
86,Traffic light,,POINT Z (103.9003009 1.3183772 0),GEYLANG EAST
87,Traffic light,,POINT Z (103.9049929 1.3193583 0),KEMBANGAN
88,Traffic light,,POINT Z (103.9128057 1.3207419 0),KEMBANGAN
89,Overpass (with ramp),,POINT Z (103.9187322 1.3037091 0),EAST COAST
90,Traffic light (with bicycle crossing),,POINT Z (103.9184639 1.3074788 0),SIGLAP
91,Traffic light,,POINT Z (103.9172197 1.309964 0),FRANKEL
92,Traffic light,,POINT Z (103.9133178 1.3192296 0),KEMBANGAN
93,Traffic light,,POINT Z (103.9136825 1.320927 0),KEMBANGAN
94,Overpass (with ramp),,POINT Z (103.9107385 1.3281714 0),KAKI BUKIT
95,Overpass (with ramp),,POINT Z (103.9188351 1.3338232 0),KAKI BUKIT
96,Traffic light,,POINT Z (103.9334964 1.3356806 0),BEDOK RESERVOIR
97,Traffic light,,POINT Z (103.7953391 1.4231382 0),WOODLANDS SOUTH
98,Traffic light,,POINT Z (103.7948389 1.4225174 0),SUBZONE 1
99,Traffic light,,POINT Z (103.7884017 1.4124365 0),CENTRAL WATER CATCHMENT
100,Traffic light,,POINT Z (103.7610387 1.3795848 0),TECK WHYE
101,Underpass (with ramp),,POINT Z (103.8274409 1.402713 0),SPRINGLEAF
102,Traffic light,,POINT Z (103.8106311 1.2949325 0),MARGARET DRIVE
103,Traffic light,,POINT Z (103.8046876 1.2967569 0),MEI CHIN
104,Traffic light (with bicycle crossing),,POINT Z (103.8007718 1.2911539 0),MEI CHIN
105,Traffic light,,POINT Z (103.8041299 1.2875908 0),QUEENSWAY
106,Traffic light,,POINT Z (103.8043163 1.2874835 0),ALEXANDRA HILL
107,Traffic light,,POINT Z (103.8021918 1.2814509 0),DEPOT ROAD
108,Traffic light,,POINT Z (103.8231748 1.2910086 0),ALEXANDRA NORTH
109,Traffic light,,POINT Z (103.8233271 1.2908163 0),HENDERSON HILL
110,Traffic light,,POINT Z (103.8227303 1.2881166 0),HENDERSON HILL
111,Traffic light,,POINT Z (103.8203393 1.2833203 0),HENDERSON HILL
112,Traffic light,,POINT Z (103.8169494 1.2784147 0),TELOK BLANGAH WAY
113,Traffic light,,POINT Z (103.9886356 1.3166119 0),CHANGI AIRPORT
114,Traffic light,,POINT Z (104.0151811 1.3164013 0),CHANGI AIRPORT
115,Traffic light,,POINT Z (104.0262742 1.3608408 0),CHANGI AIRPORT
116,Traffic light,,POINT Z (104.0047551 1.3730254 0),CHANGI AIRPORT
117,Traffic light,,POINT Z (103.8262977 1.4481508 0),ADMIRALTY
118,Traffic light,,POINT Z (103.8215624 1.4496822 0),ADMIRALTY
119,Traffic light,,POINT Z (103.8185426 1.4488626 0),SEMBAWANG CENTRAL
120,Traffic light,,POINT Z (103.8144682 1.4479372 0),SEMBAWANG CENTRAL
121,Traffic light,,POINT Z (103.8120676 1.447383 0),SEMBAWANG CENTRAL
122,Traffic light,,POINT Z (103.8083524 1.4456068 0),WOODLANDS EAST
123,Traffic light,,POINT Z (103.8048135 1.4425644 0),WOODLANDS EAST
124,Traffic light,,POINT Z (103.8019216 1.441324 0),WOODLANDS EAST
125,Traffic light,,POINT Z (103.80181 1.4412237 0),WOODLANDS EAST
126,Traffic light,,POINT Z (103.7956948 1.4391054 0),MIDVIEW
127,Traffic light,,POINT Z (103.7889293 1.4380665 0),WOODLANDS REGIONAL CENTRE
128,Traffic light,,POINT Z (103.7876128 1.4321619 0),WOODGROVE
129,Traffic light,,POINT Z (103.7877389 1.4320574 0),WOODLANDS SOUTH
130,Traffic light,,POINT Z (103.7883274 1.4348189 0),WOODGROVE
131,Traffic light,,POINT Z (103.7887284 1.4381288 0),WOODLANDS REGIONAL CENTRE
132,Traffic light,,POINT Z (103.7871003 1.4395739 0),WOODLANDS REGIONAL CENTRE
133,Traffic light,,POINT Z (103.7849907 1.4410165 0),WOODLANDS REGIONAL CENTRE
134,Traffic light,,POINT Z (103.7849518 1.4412149 0),WOODLANDS REGIONAL CENTRE
135,Traffic light,,POINT Z (103.7958047 1.4392299 0),WOODLANDS EAST
136,Traffic light,,POINT Z (103.7954315 1.441721 0),WOODLANDS EAST
137,Traffic light,,POINT Z (103.7925347 1.4460744 0),WOODLANDS EAST
138,Traffic light,,POINT Z (103.7924032 1.4461736 0),SENOKO WEST
139,Traffic light,,POINT Z (103.7791135 1.4510247 0),NORTH COAST
140,Traffic light,,POINT Z (103.8790376 1.3958831 0),JALAN KAYU EAST
141,Traffic light (with bicycle crossing),,POINT Z (103.9251313 1.338229 0),BEDOK RESERVOIR
142,Overpass (with ramp),,POINT Z (103.925234 1.3348887 0),BEDOK NORTH
143,Traffic light,,POINT Z (103.9264052 1.3295905 0),KEMBANGAN
144,Traffic light,,POINT Z (103.926762 1.3266351 0),KEMBANGAN
145,Traffic light,,POINT Z (103.9272031 1.3234871 0),FRANKEL
146,Traffic light,,POINT Z (103.9273354 1.3233481 0),FRANKEL
147,Traffic light,,POINT Z (103.9318829 1.3240044 0),BEDOK SOUTH
148,Traffic light,,POINT Z (103.9329523 1.318905 0),BEDOK SOUTH
149,Traffic light,,POINT Z (103.9337871 1.3141371 0),BAYSHORE
150,Traffic light,,POINT Z (103.9336945 1.3140272 0),BAYSHORE
151,Traffic light,,POINT Z (103.9342064 1.3114261 0),SIGLAP
152,Traffic light,,POINT Z (103.9520591 1.3302203 0),XILIN
153,Traffic light,,POINT Z (103.949611 1.3338501 0),SIMEI
154,Traffic light,,POINT Z (103.943708 1.3360807 0),SIMEI
155,Overpass (with ramp),,POINT Z (103.9407656 1.3363985 0),TAMPINES WEST
156,Traffic light,,POINT Z (103.9330922 1.3379826 0),BEDOK RESERVOIR
157,Traffic light,,POINT Z (103.7703012 1.3490662 0),NATURE RESERVE
158,Traffic light (with bicycle crossing),,POINT Z (103.8434602 1.4311824 0),YISHUN EAST
159,Traffic light (with bicycle crossing),,POINT Z (103.9281271 1.3131421 0),FRANKEL
160,Traffic light,,POINT Z (103.938222 1.3447911 0),TAMPINES WEST
161,Traffic light,,POINT Z (103.9383749 1.3449399 0),TAMPINES WEST
162,Traffic light,,POINT Z (103.9428501 1.3464643 0),TAMPINES EAST
163,Traffic light (with bicycle crossing),,POINT Z (103.945697 1.3524691 0),TAMPINES EAST
164,Traffic light,,POINT Z (103.9461677 1.3543904 0),TAMPINES EAST
165,Traffic light,,POINT Z (103.9461478 1.3567468 0),TAMPINES EAST
166,Traffic light,,POINT Z (103.7679233 1.3633032 0),NATURE RESERVE
167,Traffic light,,POINT Z (103.7677758 1.3633234 0),NATURE RESERVE
168,Traffic light,,POINT Z (103.7672192 1.3619495 0),HILLVIEW
169,Traffic light,,POINT Z (103.7671743 1.361801 0),HILLVIEW
170,Traffic light,,POINT Z (103.7670536 1.3617595 0),HILLVIEW
171,Traffic light,,POINT Z (103.7637286 1.358943 0),HILLVIEW
172,Traffic light (with bicycle crossing),,POINT Z (103.9442179 1.3603446 0),TAMPINES EAST
173,Overpass (with ramp),,POINT Z (103.9539945 1.3653683 0),PASIR RIS DRIVE
174,Footbridge,,POINT Z (103.9536659 1.3662402 0),PASIR RIS DRIVE
175,Traffic light (with bicycle crossing),,POINT Z (103.9538282 1.3692702 0),PASIR RIS TOWN
176,Traffic light (with bicycle crossing),,POINT Z (103.9524192 1.3750041 0),PASIR RIS TOWN
177,Traffic light,,POINT Z (103.9380553 1.3605433 0),TAMPINES NORTH
178,Traffic light,,POINT Z (103.9346661 1.360546 0),TAMPINES NORTH
179,Traffic light,,POINT Z (103.9262412 1.3501275 0),TAMPINES WEST
180,Traffic light,,POINT Z (103.9485535 1.3490653 0),TAMPINES EAST
181,Traffic light,,POINT Z (103.9508895 1.3497448 0),TAMPINES EAST
182,Traffic light,,POINT Z (103.9547034 1.3522566 0),TAMPINES EAST
183,Traffic light,,POINT Z (103.7600155 1.3516932 0),HILLVIEW
184,Traffic light,,POINT Z (103.7556475 1.3512345 0),BUKIT BATOK EAST
185,Traffic light,,POINT Z (103.7571525 1.3485595 0),BUKIT BATOK EAST
186,Traffic light,,POINT Z (103.7562074 1.3475749 0),BUKIT BATOK EAST
187,Traffic light,,POINT Z (103.7561752 1.3473656 0),BUKIT BATOK CENTRAL
188,Steps (with wheeling ramp),,POINT Z (103.7571502 1.3454149 0),BUKIT BATOK CENTRAL
189,Traffic light,,POINT Z (103.7575383 1.3453576 0),BUKIT BATOK SOUTH
190,Traffic light,,POINT Z (103.7544712 1.3440622 0),BUKIT BATOK SOUTH
191,Traffic light,,POINT Z (103.7712195 1.3189468 0),ULU PANDAN
192,Traffic light,,POINT Z (103.7487449 1.336491 0),TOH GUAN
193,Traffic light,,POINT Z (103.7515221 1.3580464 0),GUILIN
194,Traffic light,,POINT Z (103.7492201 1.3565224 0),GUILIN
195,Traffic light,,POINT Z (103.7491262 1.3566364 0),HONG KAH
196,Traffic light,,POINT Z (103.8399728 1.4243518 0),YISHUN SOUTH
197,Traffic light,,POINT Z (103.8408747 1.4270256 0),YISHUN SOUTH
198,Traffic light,,POINT Z (103.767863 1.3634687 0),DAIRY FARM
199,Traffic light,,POINT Z (103.775314 1.3671312 0),DAIRY FARM
200,Traffic light,,POINT Z (103.7754626 1.364911 0),DAIRY FARM
201,Traffic light,,POINT Z (103.8680624 1.3283272 0),POTONG PASIR
202,Traffic light,,POINT Z (103.7514197 1.3654309 0),GOMBAK
203,Traffic light,,POINT Z (103.7486262 1.3691697 0),GOMBAK
204,Traffic light,,POINT Z (103.7464136 1.3711136 0),KEAT HONG
205,Traffic light,,POINT Z (103.7413589 1.3728136 0),PENG SIANG
206,Traffic light,,POINT Z (103.7371813 1.377179 0),PENG SIANG
207,Traffic light,,POINT Z (103.7392143 1.3785586 0),KEAT HONG
208,Traffic light,,POINT Z (103.7392573 1.3787074 0),KEAT HONG
209,Traffic light,,POINT Z (103.742621 1.383711 0),CENTRAL
210,Traffic light,,POINT Z (103.7435326 1.3839293 0),CENTRAL
211,Traffic light,,POINT Z (103.7463931 1.3848705 0),CENTRAL
212,Steps (with wheeling ramp),,POINT Z (103.877104 1.3832865 0),TRAFALGAR
213,Ramp,,POINT Z (103.7711509 1.4426763 0),NORTH COAST
214,Traffic light,,POINT Z (103.771116 1.4410728 0),WOODLANDS WEST
215,Traffic light,,POINT Z (103.7711121 1.4412416 0),NORTH COAST
216,Traffic light,,POINT Z (103.7710354 1.4398568 0),NORTH COAST
217,Traffic light,,POINT Z (103.7709389 1.439767 0),NORTH COAST
218,Traffic light,,POINT Z (103.7709201 1.439586 0),WOODLANDS WEST
219,Traffic light,,POINT Z (103.7714673 1.4370535 0),WOODLANDS WEST
220,Steps (with wheeling ramp),,POINT Z (103.770221 1.4394896 0),WOODLANDS WEST
221,Traffic light (with bicycle crossing),,POINT Z (103.7744242 1.4364155 0),WOODLANDS WEST
222,Overpass (with ramp),,POINT Z (103.7486753 1.3412882 0),TOH GUAN
223,Traffic light,,POINT Z (103.7493174 1.3295545 0),TOH GUAN
224,Traffic light,,POINT Z (103.7492583 1.3293386 0),INTERNATIONAL BUSINESS PARK
225,Traffic light,,POINT Z (103.7434262 1.3408573 0),TOH GUAN
226,Traffic light,,POINT Z (103.7421466 1.3391629 0),TOH GUAN
227,Traffic light,,POINT Z (103.7404581 1.3373931 0),JURONG REGIONAL CENTRE
228,Traffic light,,POINT Z (103.7402208 1.337318 0),YUHUA
229,Traffic light,,POINT Z (103.7404675 1.3372322 0),JURONG REGIONAL CENTRE
230,Traffic light,,POINT Z (103.7402331 1.3371636 0),JURONG REGIONAL CENTRE
231,Overpass (with steps),,POINT Z (103.7340942 1.339453 0),JURONG LAKE
232,Traffic light,,POINT Z (103.721411 1.342736 0),JURONG LAKE
233,Traffic light,,POINT Z (103.7164921 1.3393355 0),CHIN BEE
234,Traffic light,,POINT Z (103.7094427 1.3364562 0),KIAN TECK
235,Traffic light,,POINT Z (103.7275883 1.3442934 0),JURONG LAKE
236,Traffic light,,POINT Z (103.7276607 1.3444168 0),HONG KAH
237,Traffic light,,POINT Z (103.7283945 1.3499553 0),BOON LAY
238,Traffic light,,POINT Z (103.7282536 1.3500559 0),BOON LAY
239,Traffic light,,POINT Z (103.7458804 1.3889432 0),CENTRAL
240,Traffic light,,POINT Z (103.7456249 1.3898578 0),PANG SUA
241,Traffic light,,POINT Z (103.7454653 1.3898685 0),PANG SUA
242,Traffic light,,POINT Z (103.7450145 1.3922392 0),KRANJI NORTH
243,Traffic light,,POINT Z (103.7451298 1.3922768 0),KRANJI NORTH
244,Traffic light,,POINT Z (103.7451017 1.3921561 0),PANG SUA
245,Traffic light,,POINT Z (103.7452116 1.3921923 0),PANG SUA
246,Traffic light,,POINT Z (103.7483002 1.3921575 0),PANG SUA
247,Traffic light (with bicycle crossing),,POINT Z (103.7505115 1.3926406 0),PANG SUA
248,Traffic light,,POINT Z (103.7427027 1.3927023 0),KRANJI NORTH
249,Traffic light,,POINT Z (103.9799669 1.3206872 0),XILIN
250,Ramp,,POINT Z (103.8574189 1.3426129 0),KALLANG
251,Traffic light,,POINT Z (103.7054823 1.327773 0),KIAN TECK
252,Traffic light,,POINT Z (103.751189 1.3167695 0),WEST COAST
253,Traffic light,,POINT Z (103.7531039 1.3147436 0),WEST COAST
254,Traffic light,,POINT Z (103.7566039 1.3105241 0),WEST COAST
255,Traffic light,,POINT Z (103.7635198 1.2992239 0),CLEMENTI WEST
256,Traffic light,,POINT Z (103.7633951 1.2990764 0),CLEMENTI WEST
257,Traffic light,,POINT Z (103.7657031 1.3020248 0),CLEMENTI WOODS
258,Traffic light,,POINT Z (103.8722256 1.3363594 0),SENNETT
259,Traffic light,,POINT Z (103.8724652 1.3376438 0),SENNETT
260,Traffic light,,POINT Z (103.7538129 1.3943223 0),MANDAI
261,Traffic light,,POINT Z (103.7611825 1.3798798 0),SENJA
262,Traffic light,,POINT Z (103.7632469 1.3808451 0),SENJA
263,Traffic light,,POINT Z (103.763436 1.3808625 0),SENJA
264,Traffic light,,POINT Z (103.7677249 1.3799354 0),BUKIT PANJANG
265,Traffic light,,POINT Z (103.7717783 1.3772723 0),BANGKIT
266,Ramp,,POINT Z (103.7760872 1.3751621 0),BANGKIT
267,Bridge,,POINT Z (103.7454608 1.3437554 0),BUKIT BATOK SOUTH
268,Traffic light,,POINT Z (103.7470423 1.3458633 0),BUKIT BATOK SOUTH
269,Traffic light,,POINT Z (103.7487492 1.3483345 0),BUKIT BATOK CENTRAL
270,Traffic light,,POINT Z (103.7483313 1.3523297 0),BUKIT BATOK CENTRAL
271,Traffic light,,POINT Z (103.7472363 1.35644 0),BRICKWORKS
272,Traffic light,,POINT Z (103.7473597 1.3565983 0),HONG KAH
273,Traffic light,,POINT Z (103.9801262 1.3872206 0),CHANGI WEST
274,Traffic light,,POINT Z (103.9800766 1.3870544 0),CHANGI WEST
275,Traffic light,,POINT Z (103.9785814 1.3793389 0),CHANGI WEST
276,Traffic light,,POINT Z (103.9748691 1.3740733 0),LOYANG
277,Traffic light,,POINT Z (103.9709826 1.3704166 0),PASIR RIS DRIVE
278,Traffic light,,POINT Z (103.9650031 1.3679946 0),PASIR RIS DRIVE
279,Traffic light,,POINT Z (103.9614078 1.3752609 0),PASIR RIS PARK
280,Traffic light,,POINT Z (103.9591282 1.3756057 0),PASIR RIS PARK
281,Traffic light,,POINT Z (103.9561393 1.375643 0),PASIR RIS PARK
282,Traffic light,,POINT Z (103.9560039 1.3754633 0),PASIR RIS PARK
283,Traffic light,,POINT Z (103.7062002 1.3363443 0),KIAN TECK
284,Traffic light,,POINT Z (103.7044348 1.3382891 0),CENTRAL
285,Traffic light,,POINT Z (103.7010034 1.3404059 0),CENTRAL
286,Traffic light,,POINT Z (103.6980927 1.3398493 0),CENTRAL
287,Traffic light,,POINT Z (103.6987379 1.3376183 0),CENTRAL
288,Traffic light,,POINT Z (103.6960425 1.3374283 0),CENTRAL
289,Traffic light,,POINT Z (103.6938935 1.3369722 0),YUNNAN
290,Footbridge,,POINT Z (103.8305758 1.4417671 0),YISHUN WEST
291,Traffic light,,POINT Z (103.811826 1.4442066 0),SUBZONE 2
292,Traffic light,,POINT Z (103.8116812 1.4441315 0),WOODLANDS EAST
293,Traffic light,,POINT Z (103.8117161 1.4443996 0),SEMBAWANG CENTRAL
294,Traffic light,,POINT Z (103.8115645 1.4443138 0),WOODLANDS EAST
295,Traffic light,,POINT Z (103.8087386 1.4385865 0),WOODLANDS EAST
296,Traffic light,,POINT Z (103.8078557 1.4375279 0),WOODLANDS EAST
297,Traffic light,,POINT Z (103.8034085 1.4323759 0),WOODLANDS SOUTH
298,Traffic light,,POINT Z (103.7987043 1.426937 0),WOODLANDS SOUTH
299,Traffic light (with bicycle crossing),,POINT Z (103.7667707 1.3824506 0),FAJAR
300,Traffic light,,POINT Z (103.7693789 1.3877287 0),SAUJANA
301,Traffic light,,POINT Z (103.7706377 1.3886986 0),SAUJANA
302,Traffic light,,POINT Z (103.759007 1.3838262 0),SENJA
303,Traffic light,,POINT Z (103.7831908 1.4352115 0),WOODGROVE
304,Traffic light,,POINT Z (103.7822761 1.4345971 0),WOODLANDS WEST
305,Traffic light,,POINT Z (103.7793654 1.4325738 0),WOODLANDS WEST
306,Traffic light,,POINT Z (103.9665339 1.3658295 0),PASIR RIS DRIVE
307,Traffic light,,POINT Z (103.9641885 1.3634826 0),PASIR RIS DRIVE
308,Traffic light,,POINT Z (103.9611279 1.3604429 0),PASIR RIS DRIVE
309,Traffic light,,POINT Z (103.9609498 1.3602655 0),TAMPINES EAST
310,Traffic light,,POINT Z (103.9585841 1.3576133 0),TAMPINES EAST
311,Traffic light,,POINT Z (103.9549612 1.3323014 0),XILIN
312,Traffic light,,POINT Z (103.9549572 1.3325038 0),XILIN
313,Traffic light,,POINT Z (103.956624 1.3369027 0),SIMEI
314,Traffic light (with bicycle crossing),,POINT Z (103.9539258 1.3425392 0),SIMEI
315,Traffic light (with bicycle crossing),,POINT Z (103.9526613 1.3440974 0),SIMEI
316,Overpass (with ramp),,POINT Z (103.9523546 1.3461441 0),TAMPINES EAST
317,Footbridge,,POINT Z (103.7810859 1.3368091 0),HOLLAND ROAD
318,Footbridge,,POINT Z (103.7755351 1.3454448 0),NATURE RESERVE
319,Footbridge,,POINT Z (103.7675106 1.3578887 0),NATURE RESERVE
320,Traffic light,,POINT Z (103.8395435 1.3769712 0),KEBUN BAHRU
321,Traffic light,,POINT Z (103.8362733 1.3779158 0),SEMBAWANG HILLS
322,Traffic light,,POINT Z (103.8315767 1.3799713 0),SEMBAWANG HILLS
323,Traffic light,,POINT Z (103.8282298 1.3777501 0),SEMBAWANG HILLS
324,Traffic light,,POINT Z (103.8280649 1.3778111 0),SINDO
325,Traffic light,,POINT Z (103.7911051 1.3079371 0),GHIM MOH
326,Traffic light,,POINT Z (103.7895708 1.308485 0),GHIM MOH
327,Traffic light,,POINT Z (103.7875604 1.3080214 0),SINGAPORE POLYTECHNIC
328,Traffic light,,POINT Z (103.7875329 1.3066745 0),ONE NORTH
329,Traffic light,,POINT Z (103.7875678 1.3065391 0),ONE NORTH
330,Traffic light,,POINT Z (103.7885857 1.3059465 0),ONE NORTH
331,Traffic light,,POINT Z (103.7899683 1.3053177 0),ONE NORTH
332,Ramp,,POINT Z (103.7912079 1.2990475 0),ONE NORTH
333,Traffic light,,POINT Z (103.9310364 1.3604188 0),TAMPINES NORTH
334,Traffic light,,POINT Z (103.9304034 1.3578672 0),TAMPINES WEST
335,Traffic light,,POINT Z (103.956112 1.3771014 0),PASIR RIS PARK
336,Traffic light,,POINT Z (103.8758093 1.3951275 0),JALAN KAYU EAST
337,Traffic light,,POINT Z (103.8729545 1.3951737 0),JALAN KAYU EAST
338,Traffic light,,POINT Z (103.8722908 1.4005852 0),JALAN KAYU EAST
339,Traffic light,,POINT Z (103.8724051 1.4006357 0),JALAN KAYU EAST
340,Traffic light,,POINT Z (103.8724256 1.4015839 0),SL - SELETAR
341,Traffic light,,POINT Z (103.8728862 1.410255 0),SL - SELETAR
342,Ramp,,POINT Z (103.7500614 1.3892668 0),CENTRAL
343,Steps (with wheeling ramp),,POINT Z (103.7482749 1.3888921 0),CENTRAL
344,Footbridge,,POINT Z (103.7669013 1.3808217 0),FAJAR
345,Ramp,,POINT Z (103.8664338 1.3259336 0),BENDEMEER
346,Traffic light,,POINT Z (103.752547 1.4083491 0),PANG SUA
347,Traffic light (with bicycle crossing),,POINT Z (103.8992836 1.4138545 0),SZ1
348,Traffic light,,POINT Z (103.7571143 1.4236612 0),KRANJI
349,Footbridge,,POINT Z (103.7664536 1.362034 0),HILLVIEW
350,Traffic light,,POINT Z (103.9311039 1.3661025 0),TAMPINES NORTH
351,Traffic light,,POINT Z (103.7556779 1.4114734 0),TURF CLUB
352,Traffic light,,POINT Z (103.7558643 1.4114023 0),MANDAI
353,Traffic light,,POINT Z (103.7559783 1.4114841 0),MANDAI
354,Traffic light,,POINT Z (103.9488056 1.3709815 0),PASIR RIS TOWN
355,Traffic light,,POINT Z (103.9421269 1.3605224 0),TAMPINES NORTH
356,Ramp,,POINT Z (103.7926828 1.3048054 0),TANGLIN HALT
357,Traffic light,,POINT Z (103.8682033 1.3287342 0),POTONG PASIR
358,Traffic light (with bicycle crossing),,POINT Z (103.870941 1.3107046 0),KAMPONG BUGIS
359,Traffic light,,POINT Z (103.9522746 1.3301586 0),XILIN
360,Steps (with wheeling ramp),,POINT Z (103.9197315 1.3409415 0),BEDOK RESERVOIR
361,Traffic light,,POINT Z (103.9649459 1.3677856 0),PASIR RIS DRIVE
362,Traffic light,,POINT Z (103.9651364 1.3677668 0),PASIR RIS DRIVE
363,Traffic light,,POINT Z (103.8353283 1.4474436 0),SEMBAWANG EAST
